"record","case","size","rows","cols","bands","seed","input_mib","peak_process_rss_mib","R","package","ggplot2","revision","source_dirty","prepare_seconds_median","prepare_seconds_min","prepare_seconds_max","prepare_allocated_mib_median","prepare_allocated_mib_min","prepare_allocated_mib_max","draw_seconds_median","draw_seconds_min","draw_seconds_max","draw_allocated_mib_median","draw_allocated_mib_min","draw_allocated_mib_max","prepare_largest_allocation_mib_median","prepare_largest_allocation_mib_min","prepare_largest_allocation_mib_max","draw_largest_allocation_mib_median","draw_largest_allocation_mib_min","draw_largest_allocation_mib_max"
"baseline-density-auto-demo","density_auto","demo",48,64,24,42,0.562713623046875,213.59765625,"R version 4.6.1 (2026-06-24)","0.1.0","4.0.3","1df0bdde3762afd7e4f918c23c85250d512a59db",FALSE,0.0430000000000001,0.0429999999999997,0.116,0,0,0,0.135,0.127,0.267,0,0,0,0,0,0,0,0,0
"baseline-density-auto-large","density_auto","large",640,480,100,42,234.375213623047,1847.71484375,"R version 4.6.1 (2026-06-24)","0.1.0","4.0.3","1df0bdde3762afd7e4f918c23c85250d512a59db",FALSE,2.482,2.394,3.356,3398.02592468262,3398.02592468262,3398.02592468262,0.145,0.144,0.275,0,0,0,234.375045776367,234.375045776367,234.375045776367,0,0,0
"baseline-density-auto","density_auto","audit",256,320,100,42,62.5002136230469,744.98828125,"R version 4.6.1 (2026-06-24)","0.1.0","4.0.3",NA,NA,0.755,0.734,1.344,437.500518798828,437.500518798828,437.500518798828,0.152,0.151,0.301,0,0,0,NA,NA,NA,NA,NA,NA
"baseline-density-fixed-demo","density_fixed","demo",48,64,24,42,0.562713623046875,210.62109375,"R version 4.6.1 (2026-06-24)","0.1.0","4.0.3","1df0bdde3762afd7e4f918c23c85250d512a59db",FALSE,0.0409999999999999,0.0409999999999999,0.134,0,0,0,0.135,0.127,0.264,0,0,0,0,0,0,0,0,0
"baseline-density-fixed-large","density_fixed","large",640,480,100,42,234.375213623047,1370.3359375,"R version 4.6.1 (2026-06-24)","0.1.0","4.0.3","1df0bdde3762afd7e4f918c23c85250d512a59db",FALSE,1.611,1.451,2.042,2343.80664825439,2343.80664825439,2343.80664825439,0.146000000000001,0.144,0.274,0,0,0,234.375045776367,234.375045776367,234.375045776367,0,0,0
"baseline-density-fixed","density_fixed","audit",256,320,100,42,62.5002136230469,548.42578125,"R version 4.6.1 (2026-06-24)","0.1.0","4.0.3",NA,NA,0.625,0.393000000000001,0.694,156.250190734863,156.250190734863,156.250190734863,0.143999999999999,0.133,0.391,0,0,0,NA,NA,NA,NA,NA,NA
"baseline-density-limits-demo","density_limits","demo",48,64,24,42,0.562713623046875,221.7734375,"R version 4.6.1 (2026-06-24)","0.1.0","4.0.3","1df0bdde3762afd7e4f918c23c85250d512a59db",FALSE,0.048,0.048,0.135,0,0,0,0.144,0.135,0.281,0,0,0,0,0,0,0,0,0
"baseline-density-limits-large","density_limits","large",640,480,100,42,234.375213623047,2285.28125,"R version 4.6.1 (2026-06-24)","0.1.0","4.0.3","1df0bdde3762afd7e4f918c23c85250d512a59db",FALSE,4.061,3.636,5.205,5976.15162658691,5976.15162658691,5976.15162658691,0.153,0.152000000000001,0.294,0,0,0,234.375045776367,234.375045776367,234.375045776367,0,0,0
"baseline-density-limits","density_limits","audit",256,320,100,42,62.5002136230469,822.1171875,"R version 4.6.1 (2026-06-24)","0.1.0","4.0.3",NA,NA,1.226,1.132,1.859,1125.00122070312,1125.00122070312,1125.00122070312,0.153,0.151,0.303,0,0,0,NA,NA,NA,NA,NA,NA
"baseline-flux","flux","audit",256,320,100,42,62.5002136230469,310.25,"R version 4.6.1 (2026-06-24)","0.1.0","4.0.3","1df0bdde3762afd7e4f918c23c85250d512a59db",FALSE,0.137,0.124,0.174,0,0,0,0.174,0.164,0.283,13.7380142211914,13.7380142211914,13.7380142211914,NA,NA,NA,NA,NA,NA
"baseline-fusion","fusion","audit",256,320,100,42,62.5002136230469,431.4921875,"R version 4.6.1 (2026-06-24)","0.1.0","4.0.3","1df0bdde3762afd7e4f918c23c85250d512a59db",FALSE,1.413,1.274,1.641,125.000274658203,125.000274658203,125.000274658203,0.17,0.161,0.187,10.9379043579102,10.9379043579102,10.9379043579102,NA,NA,NA,NA,NA,NA
"baseline-mandala","mandala","audit",256,320,100,42,62.5002136230469,309.0234375,"R version 4.6.1 (2026-06-24)","0.1.0","4.0.3","1df0bdde3762afd7e4f918c23c85250d512a59db",FALSE,0.0619999999999998,0.0590000000000002,0.11,0,0,0,0.167,0.165,0.168,13.7380142211914,13.7380142211914,13.7380142211914,NA,NA,NA,NA,NA,NA
"candidate-density-auto-audit","density_auto","audit",256,320,100,42,62.5002136230469,645.4921875,"R version 4.6.1 (2026-06-24)","0.2.0","4.0.3","12d74282793be3b0d2e36605376a9377ea5a568e",FALSE,0.818,0.784000000000001,1.203,156.250137329102,156.250137329102,156.250137329102,0.176,0.175,0.313,0,0,0,62.5000457763672,62.5000457763672,62.5000457763672,0,0,0
"candidate-density-auto-demo","density_auto","demo",48,64,24,42,0.562713623046875,220.609375,"R version 4.6.1 (2026-06-24)","0.2.0","4.0.3","9c385c8ea96594f4bbeb8feece86f36b5e6a8210",FALSE,0.048,0.0470000000000002,0.207,0,0,0,0.153,0.137,0.288,0,0,0,0,0,0,0,0,0
"candidate-density-auto-large","density_auto","large",640,480,100,42,234.375213623047,1396.05078125,"R version 4.6.1 (2026-06-24)","0.2.0","4.0.3","9c385c8ea96594f4bbeb8feece86f36b5e6a8210",FALSE,2.445,2.291,3.456,3866.83276367188,3866.83276367188,3866.83276367188,0.175000000000001,0.174999999999999,0.314,0,0,0,234.375045776367,234.375045776367,234.375045776367,0,0,0
"candidate-density-fixed-audit","density_fixed","audit",256,320,100,42,62.5002136230469,331.62890625,"R version 4.6.1 (2026-06-24)","0.2.0","4.0.3","12d74282793be3b0d2e36605376a9377ea5a568e",FALSE,0.411,0.407999999999999,0.565,0,0,0,0.171,0.169,0.414,0,0,0,0,0,0,0,0,0
"candidate-density-fixed-demo","density_fixed","demo",48,64,24,42,0.562713623046875,211.19140625,"R version 4.6.1 (2026-06-24)","0.2.0","4.0.3","9c385c8ea96594f4bbeb8feece86f36b5e6a8210",FALSE,0.0449999999999999,0.0449999999999999,0.202,0,0,0,0.15,0.136,0.291,0,0,0,0,0,0,0,0,0
"candidate-density-fixed-large","density_fixed","large",640,480,100,42,234.375213623047,660.8515625,"R version 4.6.1 (2026-06-24)","0.2.0","4.0.3","9c385c8ea96594f4bbeb8feece86f36b5e6a8210",FALSE,1.6,1.521,1.658,2109.45053100586,2109.45053100586,2109.45053100586,0.209,0.172000000000001,0.312,0,0,0,2.34379577636719,2.34379577636719,2.34379577636719,0,0,0
"candidate-density-limits-audit","density_limits","audit",256,320,100,42,62.5002136230469,641.48828125,"R version 4.6.1 (2026-06-24)","0.2.0","4.0.3","12d74282793be3b0d2e36605376a9377ea5a568e",FALSE,0.851,0.835,1.24,156.250137329102,156.250137329102,156.250137329102,0.186,0.184,0.336,0,0,0,62.5000457763672,62.5000457763672,62.5000457763672,0,0,0
"candidate-density-limits-demo","density_limits","demo",48,64,24,42,0.562713623046875,218.4453125,"R version 4.6.1 (2026-06-24)","0.2.0","4.0.3","9c385c8ea96594f4bbeb8feece86f36b5e6a8210",FALSE,0.0500000000000003,0.0499999999999998,0.213,0,0,0,0.153,0.143,0.313,0,0,0,0,0,0,0,0,0
"candidate-density-limits-large","density_limits","large",640,480,100,42,234.375213623047,1480.0546875,"R version 4.6.1 (2026-06-24)","0.2.0","4.0.3","9c385c8ea96594f4bbeb8feece86f36b5e6a8210",FALSE,2.529,2.516,3.47,3866.83276367188,3866.83276367188,3866.83276367188,0.225,0.191000000000001,0.332,0,0,0,234.375045776367,234.375045776367,234.375045776367,0,0,0
"candidate-flux-audit","flux","audit",256,320,100,42,62.5002136230469,332.21484375,"R version 4.6.1 (2026-06-24)","0.2.0","4.0.3","9c385c8ea96594f4bbeb8feece86f36b5e6a8210",FALSE,0.348,0.344,0.609,0,0,0,0.176,0.165,0.179,13.7380142211914,13.7380142211914,13.7380142211914,0,0,0,2.50004577636719,2.50004577636719,2.50004577636719
"candidate-fusion-audit","fusion","audit",256,320,100,42,62.5002136230469,392.0546875,"R version 4.6.1 (2026-06-24)","0.2.0","4.0.3","9c385c8ea96594f4bbeb8feece86f36b5e6a8210",FALSE,0.226,0.2,0.56,93.7502746582031,93.7502746582031,93.7502746582031,0.152,0.151,0.153,10.9379043579102,10.9379043579102,10.9379043579102,21.2500457763672,21.2500457763672,21.2500457763672,2.50004577636719,2.50004577636719,2.50004577636719
"candidate-gradient-audit","gradient","audit",256,320,100,42,62.5002136230469,332.33203125,"R version 4.6.1 (2026-06-24)","0.2.0","4.0.3","9c385c8ea96594f4bbeb8feece86f36b5e6a8210",FALSE,1.544,1.467,1.691,0,0,0,0.173,0.162,0.174,13.7380142211914,13.7380142211914,13.7380142211914,0,0,0,2.50004577636719,2.50004577636719,2.50004577636719
"candidate-mandala-audit","mandala","audit",256,320,100,42,62.5002136230469,321.16015625,"R version 4.6.1 (2026-06-24)","0.2.0","4.0.3","9c385c8ea96594f4bbeb8feece86f36b5e6a8210",FALSE,0.0800000000000001,0.0750000000000002,0.214,0,0,0,0.168,0.163,0.266,13.7380142211914,13.7380142211914,13.7380142211914,0,0,0,2.50004577636719,2.50004577636719,2.50004577636719
"candidate-quartiles-audit","quartiles","audit",256,320,100,42,62.5002136230469,484.14453125,"R version 4.6.1 (2026-06-24)","0.2.0","4.0.3","9c385c8ea96594f4bbeb8feece86f36b5e6a8210",FALSE,4.411,4.409,5.18,125.875869750977,125.875869750977,126.875915527344,0.756999999999998,0.704000000000001,0.77,181.767036437988,181.767036437988,181.767036437988,62.5000457763672,62.5000457763672,62.5000457763672,6.56254577636719,6.56254577636719,6.56254577636719
