"nbins","range","masked","band","wavelength","eligible","nonfinite","finite","retained","retained_fraction","exact_mean","binned_mean","mean_error","lower_error","upper_error","half_bin_width"
8,"wide",FALSE,1,500,3072,1,3071,3071,1,0.32095443494459,0.320133914034516,0.000820520910073341,0.0547947886377063,0.0547121316565459,0.06875
8,"wide",FALSE,2,505,3072,1,3071,3071,1,0.350771162132998,0.348475659394334,0.00229550273866408,0.0334965497088481,0.0123592064803184,0.06875
8,"wide",FALSE,3,511,3072,2,3070,3070,1,0.357385038648895,0.356526872964169,0.000858165684726131,0.0350366346463217,0.0166294088199405,0.06875
8,"wide",FALSE,4,520,3072,1,3071,3071,1,0.350684800633224,0.349012943666558,0.00167185696666633,0.0330980594542668,0.0129107956014665,0.06875
8,"wide",FALSE,5,540,3072,1,3071,3071,1,0.321114039041048,0.32067119830674,0.000442840734307504,0.054978529855491,0.0545785256867678,0.06875
8,"wide",FALSE,6,580,3072,1,3071,3071,1,0.253514598654321,0.244555926408336,0.00895867224598462,0.032058968994041,0.0636386183382194,0.06875
16,"wide",FALSE,1,500,3072,1,3071,3071,1,0.32095443494459,0.320189881146206,0.000764553798383305,0.0204197886377062,0.0203371316565458,0.034375
16,"wide",FALSE,2,505,3072,1,3071,3071,1,0.350771162132998,0.350434508303484,0.000336653829513978,0.000878450291151939,0.0220157935196816,0.034375
16,"wide",FALSE,3,511,3072,2,3070,3070,1,0.357385038648895,0.357355456026059,2.95826228368656e-05,0.000661634646321685,0.0177455911800596,0.034375
16,"wide",FALSE,4,520,3072,1,3071,3071,1,0.350684800633224,0.350322574080104,0.000362226553120293,0.00127694054573319,0.0214642043985336,0.034375
16,"wide",FALSE,5,540,3072,1,3071,3071,1,0.321114039041048,0.320906260175838,0.000207778865209562,0.020603529855491,0.0202035256867678,0.034375
16,"wide",FALSE,6,580,3072,1,3071,3071,1,0.253514598654321,0.253633791924455,0.000119193270133877,0.00231603100595901,0.0292636183382194,0.034375
32,"wide",FALSE,1,500,3072,1,3071,3071,1,0.32095443494459,0.320867083197655,8.735174693425e-05,0.00323228863770625,0.0031496316565458,0.0171875
32,"wide",FALSE,2,505,3072,1,3071,3071,1,0.350771162132998,0.350630393194399,0.00014076893859899,0.0163090497088481,0.00482829351968161,0.0171875
32,"wide",FALSE,3,511,3072,2,3070,3070,1,0.357385038648895,0.357198697068404,0.000186341580491634,0.0165258653536783,0.00055809118005945,0.0171875
32,"wide",FALSE,4,520,3072,1,3071,3071,1,0.350684800633224,0.350563232660371,0.000121567972853287,0.0159105594542668,0.00427670439853356,0.0171875
32,"wide",FALSE,5,540,3072,1,3071,3071,1,0.321114039041048,0.321292433246499,0.000178394205451515,0.00341602985549097,0.00301602568676773,0.0171875
32,"wide",FALSE,6,580,3072,1,3071,3071,1,0.253514598654321,0.253348359654835,0.000166238999485147,0.014871468994041,0.0120761183382194,0.0171875
64,"wide",FALSE,1,500,3072,1,3071,3071,1,0.32095443494459,0.320920251953761,3.41829908287461e-05,0.00536146136229373,0.00544411834345415,0.00859375
64,"wide",FALSE,2,505,3072,1,3071,3071,1,0.350771162132998,0.350745125773364,2.60363596344404e-05,0.00771529970884807,0.00376545648031845,0.00859375
64,"wide",FALSE,3,511,3072,2,3070,3070,1,0.357385038648895,0.357372251628664,1.27870202309976e-05,0.00793211535367833,0.00803565881994051,0.00859375
64,"wide",FALSE,4,520,3072,1,3071,3071,1,0.350684800633224,0.350722738928688,3.79382954632246e-05,0.00731680945426683,0.00431704560146651,0.00859375
64,"wide",FALSE,5,540,3072,1,3071,3071,1,0.321114039041048,0.321183297378704,6.92583376560307e-05,0.00517772014450901,0.00557772431323222,0.00859375
64,"wide",FALSE,6,580,3072,1,3071,3071,1,0.253514598654321,0.25351905934549,4.46069116943892e-06,0.006277718994041,0.00348236833821941,0.00859375
128,"wide",FALSE,1,500,3072,1,3071,3071,1,0.32095443494459,0.320980416598828,2.59816542380054e-05,0.00106458636229373,0.00114724334345417,0.004296875
128,"wide",FALSE,2,505,3072,1,3071,3071,1,0.350771162132998,0.350710146328557,6.10158044407338e-05,0.00341842470884807,0.000531418519681637,0.004296875
128,"wide",FALSE,3,511,3072,2,3070,3070,1,0.357385038648895,0.357414240635179,2.92019862836446e-05,0.00363524035367832,0.00373878381994053,0.004296875
128,"wide",FALSE,4,520,3072,1,3071,3071,1,0.350684800633224,0.35069335619505,8.55556182594031e-06,0.00301993445426682,2.01706014664182e-05,0.004296875
128,"wide",FALSE,5,540,3072,1,3071,3071,1,0.321114039041048,0.321142721222729,2.86821816807281e-05,0.000880845144509007,0.00128084931323225,0.004296875
128,"wide",FALSE,6,580,3072,1,3071,3071,1,0.253514598654321,0.253503668389775,1.09302645454057e-05,0.001980843994041,0.000814506661780567,0.004296875
8,"restricted",FALSE,1,500,3072,1,3071,2854,0.929338977531749,0.331707477507817,0.332143482831114,0.000436005323297628,0.00422500682691151,0.00647208792052267,0.01875
8,"restricted",FALSE,2,505,3072,1,3071,2801,0.912080755454249,0.343997367575933,0.344169493038201,0.000172125462267969,0.00206502290630434,0.00230052586376489,0.01875
8,"restricted",FALSE,3,511,3072,2,3070,2284,0.743973941368078,0.364259691754246,0.363972197898424,0.000287493855821941,0.00473897039432639,0.00522142349166821,0.01875
8,"restricted",FALSE,4,520,3072,1,3071,2798,0.911103874959297,0.344068896976567,0.344129735525375,6.08385488084506e-05,0.00135179056643481,0.00260135363925085,0.01875
8,"restricted",FALSE,5,540,3072,1,3071,2841,0.925105828720287,0.332511867061722,0.332833949313622,0.000322082251900002,0.00161665494408561,0.00612266698613279,0.01875
8,"restricted",FALSE,6,580,3072,1,3071,2065,0.672419407359166,0.297229075006672,0.297799636803874,0.000570561797202385,0.0101528420422131,0.0086486230405578,0.01875
16,"restricted",FALSE,1,500,3072,1,3071,2854,0.929338977531749,0.331707477507817,0.33177557813595,6.81006281328944e-05,0.00514999317308848,0.00290291207947735,0.009375
16,"restricted",FALSE,2,505,3072,1,3071,2801,0.912080755454249,0.343997367575933,0.344172840057122,0.000175472481189765,0.00730997709369569,0.00707447413623508,0.009375
16,"restricted",FALSE,3,511,3072,2,3070,2284,0.743973941368078,0.364259691754246,0.364169220665499,9.0471088746602e-05,0.00463602960567364,0.00415357650833176,0.009375
16,"restricted",FALSE,4,520,3072,1,3071,2798,0.911103874959297,0.344068896976567,0.344076125804146,7.22882757897558e-06,0.00802320943356521,0.00677364636074912,0.009375
16,"restricted",FALSE,5,540,3072,1,3071,2841,0.925105828720287,0.332511867061722,0.33270525343189,0.000193386370168191,0.00775834505591438,0.00325233301386724,0.009375
16,"restricted",FALSE,6,580,3072,1,3071,2065,0.672419407359166,0.297229075006672,0.297495460048426,0.000266385041754413,0.000777842042213067,0.000726376959442221,0.009375
32,"restricted",FALSE,1,500,3072,1,3071,2854,0.929338977531749,0.331707477507817,0.331746014365802,3.85368579857159e-05,0.000462493173088496,0.00178458792052272,0.0046875
32,"restricted",FALSE,2,505,3072,1,3071,2801,0.912080755454249,0.343997367575933,0.344087491074616,9.01234986835364e-05,0.00262247709369567,0.00238697413623512,0.0046875
32,"restricted",FALSE,3,511,3072,2,3070,2284,0.743973941368078,0.364259691754246,0.364222580998249,3.71107559971051e-05,5.1470394326375e-05,0.000533923491668198,0.0046875
32,"restricted",FALSE,4,520,3072,1,3071,2798,0.911103874959297,0.344068896976567,0.344069424588992,5.2761242530508e-07,0.0033357094335652,0.00208614636074916,0.0046875
32,"restricted",FALSE,5,540,3072,1,3071,2841,0.925105828720287,0.332511867061722,0.332522109292503,1.0242230780666e-05,0.0030708450559144,0.00143516698613283,0.0046875
32,"restricted",FALSE,6,580,3072,1,3071,2065,0.672419407359166,0.297229075006672,0.297343371670702,0.000114296664030511,0.00390965795778692,0.00396112304055779,0.0046875
64,"restricted",FALSE,1,500,3072,1,3071,2854,0.929338977531749,0.331707477507817,0.33171809302733,1.06155195134239e-05,0.00188125682691154,0.00055916207947726,0.00234375
64,"restricted",FALSE,2,505,3072,1,3071,2801,0.912080755454249,0.343997367575933,0.34398289673331,1.44708426231821e-05,0.000278727093695669,4.32241362351427e-05,0.00234375
64,"restricted",FALSE,3,511,3072,2,3070,2284,0.743973941368078,0.364259691754246,0.364247208844133,1.24829101126878e-05,0.00229227960567363,0.00180982650833178,0.00234375
64,"restricted",FALSE,4,520,3072,1,3071,2798,0.911103874959297,0.344068896976567,0.344081151715511,1.22547389442285e-05,0.000991959433565198,0.000257603639250814,0.00234375
64,"restricted",FALSE,5,540,3072,1,3071,2841,0.925105828720287,0.332511867061722,0.332511384635692,4.82426030345984e-07,0.000727095055914367,0.000908583013867148,0.00234375
64,"restricted",FALSE,6,580,3072,1,3071,2065,0.672419407359166,0.297229075006672,0.297271867433414,4.27924267423219e-05,0.00156590795778694,0.00161737304055776,0.00234375
128,"restricted",FALSE,1,500,3072,1,3071,2854,0.929338977531749,0.331707477507817,0.331707417221444,6.02863730603254e-08,0.000709381826911548,0.000612712920522673,0.001171875
128,"restricted",FALSE,2,505,3072,1,3071,2801,0.912080755454249,0.343997367575933,0.344002560469475,5.19289354250496e-06,0.000893147906304348,0.0011286508637649,0.001171875
128,"restricted",FALSE,3,511,3072,2,3070,2284,0.743973941368078,0.364259691754246,0.364272862850263,1.31710960169507e-05,0.00112040460567361,0.000637951508331791,0.001171875
128,"restricted",FALSE,4,520,3072,1,3071,2798,0.911103874959297,0.344068896976567,0.344071937544675,3.04056810795927e-06,0.000179915566434818,0.000914271360749175,0.001171875
128,"restricted",FALSE,5,540,3072,1,3071,2841,0.925105828720287,0.332511867061722,0.332511797122492,6.99392299075008e-08,0.000444779944085621,0.000263291986132785,0.001171875
128,"restricted",FALSE,6,580,3072,1,3071,2065,0.672419407359166,0.297229075006672,0.29723271035109,3.63534441788493e-06,0.000394032957786949,0.000445498040557768,0.001171875
8,"wide",TRUE,1,500,2560,0,2560,2560,1,0.333131302246321,0.3316748046875,0.00145649755882149,0.0398912429813674,0.0575277309285384,0.06875
8,"wide",TRUE,2,505,2560,0,2560,2560,1,0.358520536348639,0.35568359375,0.00283694259863898,0.0267615705078157,0.00869132190584887,0.06875
8,"wide",TRUE,3,511,2560,0,2560,2560,1,0.362665145658523,0.3616455078125,0.00101963784602294,0.0289351443365901,0.0212976915815781,0.06875
8,"wide",TRUE,4,520,2560,0,2560,2560,1,0.358555269383941,0.3563818359375,0.00217343344644072,0.0271348343358253,0.00825060668415045,0.06875
8,"wide",TRUE,5,540,2560,0,2560,2560,1,0.333320231546741,0.3317822265625,0.00153800498424117,0.0407725829234628,0.0574634769166839,0.06875
8,"wide",TRUE,6,580,2560,0,2560,2560,1,0.266368093201517,0.2560498046875,0.0103182885140166,0.0421064791296339,0.0669436216016117,0.06875
16,"wide",TRUE,1,500,2560,0,2560,2560,1,0.333131302246321,0.33256103515625,0.000570267090071408,0.00551624298136738,0.0231527309285383,0.034375
16,"wide",TRUE,2,505,2560,0,2560,2560,1,0.358520536348639,0.3581005859375,0.000419950411138958,0.0076134294921843,0.0256836780941512,0.034375
16,"wide",TRUE,3,511,2560,0,2560,2560,1,0.362665145658523,0.36255859375,0.000106551908522989,0.0054398556634099,0.0130773084184219,0.034375
16,"wide",TRUE,4,520,2560,0,2560,2560,1,0.358555269383941,0.358046875,0.000508394383940736,0.00724016566417474,0.0261243933158496,0.034375
16,"wide",TRUE,5,540,2560,0,2560,2560,1,0.333320231546741,0.333125,0.00019523154674117,0.00639758292346276,0.0230884769166838,0.034375
16,"wide",TRUE,6,580,2560,0,2560,2560,1,0.266368093201517,0.26595947265625,0.000408620545266636,0.00773147912963393,0.0325686216016116,0.034375
32,"wide",TRUE,1,500,2560,0,2560,2560,1,0.333131302246321,0.333057861328125,7.3440918196499e-05,0.0116712570186326,0.00596523092853829,0.0171875
32,"wide",TRUE,2,505,2560,0,2560,2560,1,0.358520536348639,0.358328857421875,0.000191678926764027,0.00957407050781572,0.00849617809415115,0.0171875
32,"wide",TRUE,3,511,2560,0,2560,2560,1,0.362665145658523,0.362545166015625,0.000119979642898005,0.0117476443365901,0.00411019158157822,0.0171875
32,"wide",TRUE,4,520,2560,0,2560,2560,1,0.358555269383941,0.358463134765625,9.21346183157534e-05,0.00994733433582529,0.00893689331584957,0.0171875
32,"wide",TRUE,5,540,2560,0,2560,2560,1,0.333320231546741,0.333433837890625,0.000113606343883799,0.0107899170765372,0.00590097691668379,0.0171875
32,"wide",TRUE,6,580,2560,0,2560,2560,1,0.266368093201517,0.266134033203125,0.000234059998391656,0.00945602087036607,0.0153811216016116,0.0171875
64,"wide",TRUE,1,500,2560,0,2560,2560,1,0.333131302246321,0.333131713867187,4.11620866003215e-07,0.0030775070186326,0.00262851907146167,0.00859375
64,"wide",TRUE,2,505,2560,0,2560,2560,1,0.358520536348639,0.3585302734375,9.73708886098379e-06,0.000980320507815713,9.75719058489144e-05,0.00859375
64,"wide",TRUE,3,511,2560,0,2560,2560,1,0.362665145658523,0.36269287109375,2.77254352269996e-05,0.00315389433659011,0.00448355841842174,0.00859375
64,"wide",TRUE,4,520,2560,0,2560,2560,1,0.358555269383941,0.358617553710937,6.2284326996731e-05,0.00135358433582528,0.000343143315849503,0.00859375
64,"wide",TRUE,5,540,2560,0,2560,2560,1,0.333320231546741,0.333353271484375,3.30399376337609e-05,0.00219616707653722,0.00269277308331617,0.00859375
64,"wide",TRUE,6,580,2560,0,2560,2560,1,0.266368093201517,0.266355590820312,1.25023812041491e-05,0.000862270870366083,0.00678737160161164,0.00859375
128,"wide",TRUE,1,500,2560,0,2560,2560,1,0.333131302246321,0.333138427734375,7.12548805353874e-06,0.0012193679813674,0.00166835592853831,0.004296875
128,"wide",TRUE,2,505,2560,0,2560,2560,1,0.358520536348639,0.358463134765625,5.74015830139829e-05,0.00331655449218429,0.00419930309415117,0.004296875
128,"wide",TRUE,3,511,2560,0,2560,2560,1,0.362665145658523,0.36274658203125,8.14363727269507e-05,0.0011429806634099,0.000186683418421874,0.004296875
128,"wide",TRUE,4,520,2560,0,2560,2560,1,0.358555269383941,0.358567199707031,1.19303230904366e-05,0.00294329066417473,0.00395373168415036,0.004296875
128,"wide",TRUE,5,540,2560,0,2560,2560,1,0.333320231546741,0.333359985351562,3.97538048212409e-05,0.00210070792346279,0.00160410191668381,0.004296875
128,"wide",TRUE,6,580,2560,0,2560,2560,1,0.266368093201517,0.266352233886719,1.58593147979169e-05,0.00343460412963392,0.00249049660161166,0.004296875
8,"restricted",TRUE,1,500,2560,0,2560,2452,0.9578125,0.33960275489869,0.33998266721044,0.000379912311750497,0.000826155753180791,0.00461456667984533,0.01875
8,"restricted",TRUE,2,505,2560,0,2560,2331,0.910546875,0.34830643456906,0.348254504504505,5.19300645550058e-05,0.00336879252650885,0.000792055350467391,0.01875
8,"restricted",TRUE,3,511,2560,0,2560,1791,0.699609375,0.372134502224946,0.371744137353434,0.000390364871512339,0.0146366733612804,0.00794781465861388,0.01875
8,"restricted",TRUE,4,520,2560,0,2560,2328,0.909375,0.348527555293374,0.348534149484536,6.59419116222359e-06,0.00401860981412436,3.78374046829943e-05,0.01875
8,"restricted",TRUE,5,540,2560,0,2560,2447,0.955859375,0.340113705867138,0.340276358806702,0.000162652939564134,0.00167056003410099,0.00399233321692272,0.01875
8,"restricted",TRUE,6,580,2560,0,2560,1843,0.719921875,0.304748004875033,0.305266549104721,0.000518544229687667,0.00763128775574595,0.0109223340779219,0.01875
16,"restricted",TRUE,1,500,2560,0,2560,2452,0.9578125,0.33960275489869,0.339692088091354,8.93331926640206e-05,0.0085488442468192,0.00476043332015469,0.009375
16,"restricted",TRUE,2,505,2560,0,2560,2331,0.910546875,0.34830643456906,0.348427445302445,0.000121010733385774,0.00600620747349118,0.00858294464953258,0.009375
16,"restricted",TRUE,3,511,2560,0,2560,1791,0.699609375,0.372134502224946,0.372042504187605,9.19980373414453e-05,0.00526167336128033,0.00142718534138608,0.009375
16,"restricted",TRUE,4,520,2560,0,2560,2328,0.909375,0.348527555293374,0.348534149484536,6.59419116222359e-06,0.00535639018587566,0.00933716259531697,0.009375
16,"restricted",TRUE,5,540,2560,0,2560,2447,0.955859375,0.340113705867138,0.340234215365754,0.000120509498616028,0.00770443996589903,0.00538266678307731,0.009375
16,"restricted",TRUE,6,580,2560,0,2560,1843,0.719921875,0.304748004875033,0.305027468800868,0.000279463925835277,0.00174371224425404,0.00154733407792185,0.009375
32,"restricted",TRUE,1,500,2560,0,2560,2452,0.9578125,0.33960275489869,0.339672971044046,7.02161453557393e-05,0.00386134424681922,7.29333201546223e-05,0.0046875
32,"restricted",TRUE,2,505,2560,0,2560,2331,0.910546875,0.34830643456906,0.348401303088803,9.48685197435517e-05,0.00131870747349117,0.00389544464953262,0.0046875
32,"restricted",TRUE,3,511,2560,0,2560,1791,0.699609375,0.372134502224946,0.372071293969849,6.32082550969248e-05,0.000574173361280322,0.00326031465861387,0.0046875
32,"restricted",TRUE,4,520,2560,0,2560,2328,0.909375,0.348527555293374,0.348562338917526,3.47836241518795e-05,0.000668890185875654,0.00464966259531702,0.0046875
32,"restricted",TRUE,5,540,2560,0,2560,2447,0.955859375,0.340113705867138,0.340082882100531,3.08237666066802e-05,0.00301693996589902,0.000695166783077239,0.0046875
32,"restricted",TRUE,6,580,2560,0,2560,1843,0.719921875,0.304748004875033,0.304857060499186,0.000109055624153254,0.00294378775574594,0.00314016592207816,0.0046875
64,"restricted",TRUE,1,500,2560,0,2560,2452,0.9578125,0.33960275489869,0.339630913539967,2.81586412774204e-05,0.00151759424681919,0.00227081667984536,0.00234375
64,"restricted",TRUE,2,505,2560,0,2560,2331,0.910546875,0.34830643456906,0.348303772522523,2.6620465369831e-06,0.00102504252650884,0.00155169464953264,0.00234375
64,"restricted",TRUE,3,511,2560,0,2560,1791,0.699609375,0.372134502224946,0.372104009631491,3.04925934553335e-05,0.00176957663871966,0.000916564658613894,0.00234375
64,"restricted",TRUE,4,520,2560,0,2560,2328,0.909375,0.348527555293374,0.348536163015464,8.60772209004823e-06,0.00167485981412435,0.00230591259531704,0.00234375
64,"restricted",TRUE,5,540,2560,0,2560,2447,0.955859375,0.340113705867138,0.340099164793625,1.45410735130636e-05,0.000673189965899018,0.00164858321692274,0.00234375
64,"restricted",TRUE,6,580,2560,0,2560,1843,0.719921875,0.304748004875033,0.304779486570808,3.14816957755482e-05,0.000600037755745964,0.000796415922078131,0.00234375
128,"restricted",TRUE,1,500,2560,0,2560,2452,0.9578125,0.33960275489869,0.339604149673736,1.39477504579322e-06,0.000345719246819198,0.00109894167984537,0.001171875
128,"restricted",TRUE,2,505,2560,0,2560,2331,0.910546875,0.34830643456906,0.348309302606178,2.86803711807559e-06,0.000146832473491176,0.000379819649532598,0.001171875
128,"restricted",TRUE,3,511,2560,0,2560,1791,0.699609375,0.372134502224946,0.372153083123953,1.85808990069702e-05,0.000597701638719667,0.000255310341386095,0.001171875
128,"restricted",TRUE,4,520,2560,0,2560,2328,0.909375,0.348527555293374,0.348527102126289,4.53167085190387e-07,0.000502984814124335,0.00113403759531699,0.001171875
128,"restricted",TRUE,5,540,2560,0,2560,2447,0.955859375,0.340113705867138,0.340117842000409,4.13613327071571e-06,0.000498685034100999,0.00047670821692275,0.001171875
128,"restricted",TRUE,6,580,2560,0,2560,1843,0.719921875,0.304748004875033,0.304752144940315,4.14006528182131e-06,0.000571837244254025,0.000375459077921858,0.001171875
